<?xml version="1.0" encoding="UTF-8"?>
<c3p0-config>
    <default-config>
        <property name="driverClass">com.mysql.jdbc.Driver</property>
        <property name="jdbcUrl">jdbc:mysql://127.0.0.1:8600/webstore?serverTimezone=GMT;useSSL=false</property>
        <property name="user">root</property>
        <property name="password">2131415dmh</property>

        <property name="acquireIncrement">5</property>
        <property name="initialPoolSize">10</property>
        <property name="minPoolSize">5</property>
        <property name="maxPoolSize">20</property>
    </default-config>
    <named-config name="mysql">
        <property name="driverClass">com.mysql.jdbc.Driver</property>
        <property name="jdbcUrl">jdbc:mysql://127.0.0.1:8600/webstore?serverTimezone=GMT</property>
        <property name="user">root</property>
        <property name="password">2131415dmh</property>

        <property name="acquireIncrement">5</property>
        <property name="initialPoolSize">5</property>
        <property name="minPoolSize">5</property>
        <property name="maxPoolSize">20</property>
    </named-config>
    <named-config name="oracle">
        <property name="driverClass">com.mysql.jdbc.Driver</property>
        <property name="jdbcUrl">jdbc:mysql://127.0.0.1:8600/webstore?serverTimezone=GMT;useSSL=false</property>
        <property name="user">root</property>
        <property name="password">2131415dmh</property>

        <property name="acquireIncrement">5</property>
        <property name="initialPoolSize">10</property>
        <property name="minPoolSize">5</property>
        <property name="maxPoolSize">20</property>
    </named-config>
</c3p0-config>