<?xml version="1.0" encoding="UTF-8" ?>
<!DOCTYPE mapper
        PUBLIC "-//mybatis.org//DTD Mapper 3.0//EN"
        "http://mybatis.org/dtd/mybatis-3-mapper.dtd">
<mapper namespace="com.myweb.dao.DeptDao">


    <select id="selectByPage" resultType="dept">
        select * from `dept_inf`
        <where>
            <if test="dept.name!=null">
                name like concat("%",#{dept.name},"%")
            </if>
        </where>
   </select>

    <select id="count" resultType="int">
      SELECT COUNT(*) FROM `dept_inf`
        <where>
            <if test="dept.name!=null">
                name like concat("%",#{dept.name},"%")
            </if>
        </where>
   </select>

    <insert id="save" parameterType="dept">
      INSERT INTO  `dept_inf` VALUES(NULL,#{name} , #{remark});
   </insert>

    <delete id="deleteById" parameterType="int">
      DELETE from `dept_inf` where id=#{id};
   </delete>

    <update id="update" parameterType="dept">
        UPDATE `dept_inf` set name=#{name} , remark=#{remark} where id=#{id};
    </update>



    <select id="selectById" parameterType="int" resultType="dept">
      select * from `dept_inf` where id=#{id};
   </select>

    <select id="selectAllDept" resultType="dept">
      select * from `dept_inf` ;
   </select>
</mapper>