<?xml version="1.0" encoding="UTF-8" ?>
<!DOCTYPE mapper
        PUBLIC "-//mybatis.org//DTD Mapper 3.0//EN"
        "http://mybatis.org/dtd/mybatis-3-mapper.dtd">
<mapper namespace="com.myweb.dao.DocumentDao">


    <select id="selectByPage" resultType="document">
      SELECT * FROM  `document_inf`
        <where>
            <if test="document.title!=null">
                title like concat("%",#{document.title},"%")
            </if>
        </where>
   </select>

    <select id="count" resultType="int">
     SELECT COUNT(*) FROM `document_inf`
   </select>

    <insert id="save" parameterType="document">
      INSERT into `document_inf` VALUES(NULL,#{title} , #{filename},#{create_date},#{user_id});
   </insert>

    <update id="update" parameterType="document">
        update `document_inf` set title=#{title} , filename=#{filename} , remark=#{remark} , user_id=#{user_id} where id=#{id};
    </update>

    <select id="selectById" resultType="document">
      SELECT * FROM `document_inf` where id = #{id} ;
   </select>

    <delete id="deleteById" parameterType="int" >
      DELETE FROM  `document_inf` where id = #{id};
   </delete>

</mapper>