<?xml version="1.0" encoding="UTF-8" ?>
<!DOCTYPE mapper
        PUBLIC "-//mybatis.org//DTD Mapper 3.0//EN"
        "http://mybatis.org/dtd/mybatis-3-mapper.dtd">
<mapper namespace="com.myweb.dao.JobDao">


    <select id="selectByPage" resultType="job">
        SELECT * FROM  `job_inf`
        <where>
            <if test="job.name!=null">
                name like concat("%",#{job.name},"%")
            </if>
        </where>
    </select>

    <select id="selectAllJob" resultType="job">
     SELECT * FROM `job_inf`
   </select>

    <select id="count" resultType="int">
     SELECT COUNT(*) FROM `job_inf`
   </select>

    <insert id="save" parameterType="job">
      INSERT into `job_inf` VALUES(NULL,#{name} , #{remark});
   </insert>

    <update id="update" parameterType="job">
        update `job_inf` set name=#{name} , remark=#{remark} where id=#{id};
    </update>

    <select id="selectById" resultType="job">
      SELECT * FROM `job_inf` where id = #{id} ;
   </select>

    <delete id="deleteById" parameterType="int" >
      DELETE FROM  `job_inf` where id = #{id};
   </delete>

</mapper>