<?xml version="1.0" encoding="UTF-8"?>
<beans xmlns="http://www.springframework.org/schema/beans"
       xmlns:aop="http://www.springframework.org/schema/aop"
       xmlns:tx="http://www.springframework.org/schema/tx"
       xmlns:mvc="http://www.springframework.org/schema/mvc"
       xmlns:xsi="http://www.w3.org/2001/XMLSchema-instance"
       xmlns:context="http://www.springframework.org/schema/context"
       xmlns:mybatis="http://mybatis.org/schema/mybatis-spring"
       xsi:schemaLocation="http://www.springframework.org/schema/beans
        http://www.springframework.org/schema/beans/spring-beans.xsd
        http://www.springframework.org/schema/aop
        http://www.springframework.org/schema/aop/spring-aop.xsd
        http://www.springframework.org/schema/context
        http://www.springframework.org/schema/context/spring-context.xsd
        http://www.springframework.org/schema/tx
        http://www.springframework.org/schema/tx/spring-tx.xsd
        http://www.springframework.org/schema/mvc
        http://www.springframework.org/schema/mvc/spring-mvc.xsd http://mybatis.org/schema/mybatis-spring http://mybatis.org/schema/mybatis-spring.xsd">

     <!--先扫描包-->
    <context:component-scan base-package="com.myweb.controller"></context:component-scan>
    <context:component-scan base-package="com.myweb.service"></context:component-scan>
    <mybatis:scan base-package="com.myweb.dao"/>
    <!--springmvc的配置-->
    <mvc:annotation-driven></mvc:annotation-driven>

    <!--静态资源访问-->
    <mvc:resources
            location="/css/,/images/,/js/,/WEB-INF/,/"
            mapping="/**"/>
    <mvc:default-servlet-handler/>
    <mvc:interceptors>
        <mvc:interceptor>
            <mvc:mapping path="/*"/>
            <bean class="com.myweb.interceptor.AuthorizedInterceptor"/>
        </mvc:interceptor>
    </mvc:interceptors>
    <bean id="viewResolver" class="org.springframework.web.servlet.view.InternalResourceViewResolver">
        <property name="prefix">
            <value>/jsp/</value>
        </property>
        <property name="suffix">
            <value>.jsp</value>
        </property>
    </bean>

    <!--让spring去生成sqlSessionFacotry-->
    <bean id="sessionFactory" class="org.mybatis.spring.SqlSessionFactoryBean">
        <property name="dataSource" ref="mydatasource"></property>
        <property name="configLocation" value="classpath:mybatis.xml"></property>
        <!--<property name="mapperLocations" value="com/myweb/dao/*.xml"/>-->
    </bean>

    <!--让spring去产生dao的实例 会在容器里通过session产生该接口的实例-->

    <bean class="org.mybatis.spring.mapper.MapperScannerConfigurer">
        <property name="basePackage" value="com.myweb.dao"></property>
        <property name="sqlSessionFactoryBeanName" value="sessionFactory"></property>
    </bean>



    <!--增加spring来控制事物-->

    <tx:annotation-driven transaction-manager="txmanager"></tx:annotation-driven>

    <bean id="txmanager" class="org.springframework.jdbc.datasource.DataSourceTransactionManager">
        <property name="dataSource" ref="mydatasource"></property>
    </bean>

   <!-- <bean class="org.springframework.transaction.support.TransactionTemplate">
       <property name="transactionManager" ref="txmanager"></property>
    </bean>

    <bean id="txmanager" class="org.springframework.jdbc.datasource.DataSourceTransactionManager">
        <property name="dataSource" ref="datasource"></property>
    </bean>
     -->

    <bean id="mydatasource" class="com.mchange.v2.c3p0.ComboPooledDataSource">
        <property name="driverClass" value="com.mysql.cj.jdbc.Driver"/>
        <property name="jdbcUrl" value="jdbc:mysql://localhost:8600/hrm_db?serverTimezone=GMT"/>
        <property name="user" value="root"/>
        <property name="password" value="2131415dmh"/>
    </bean>

</beans>