<?xml version="1.0" encoding="UTF-8" ?>
<!DOCTYPE configuration
        PUBLIC "-//mybatis.org//DTD Config 3.0//EN"
        "http://mybatis.org/dtd/mybatis-3-config.dtd">
<configuration>
    <properties resource="conn.properties">
       <!-- <property name="driverclass" value="com.mysql.cj.jdbc.Driver"></property>-->
     </properties>
    <typeAliases>
        <!--<typeAlias type="com.com.cskaoyan.com.cskaoyan.bean.User" alias="User"></typeAlias>
        <typeAlias type="com.com.cskaoyan.com.cskaoyan.bean.Admin" alias="Admin"></typeAlias>-->
        <package name="com.myweb.domain"></package>
    </typeAliases>

    <environments    default="development">
        <environment id="development">
            <!--目前事务需要自己手动控制-->
            <transactionManager type="JDBC"/>
            <dataSource type="POOLED">
                <property name="driver" value="com.mysql.cj.jdbc.Driver"/>
                <property name="url" value="jdbc:mysql://localhost:8600/hrm_db?serverTimezone=GMT"/>
                <property name="username" value="root"/>
                <property name="password" value="2131415dmh"/>
            </dataSource>
        </environment>
    </environments>
    <mappers>
        <!--会自动的把该包下面的所有的接口对应的同名的mapper映射文件导入-->
        <package name="com.myweb.dao"></package>

    </mappers>


</configuration>